{"cameraMode":{"drawMode":0,"name":"Shaded","section":"Shading Mode"},"sceneLighting":true,"audioPlay":false,"sceneViewState":{"showFog":true,"showMaterialUpdate":false,"showSkybox":true,"showFlares":true,"showImageEffects":true,"showParticleSystems":true},"in2DMode":false,"pivot":{"x":4.9553542137146,"y":-2.4144983291625978,"z":-0.9872579574584961},"rotation":{"x":0.20182830095291139,"y":0.6472861170768738,"z":-0.18354666233062745,"w":0.7117560505867004},"size":12.37210464477539,"orthographic":false}