{"cameraMode":{"drawMode":0,"name":"Shaded","section":"Shading Mode"},"sceneLighting":true,"audioPlay":false,"sceneViewState":{"showFog":true,"showMaterialUpdate":false,"showSkybox":true,"showFlares":true,"showImageEffects":true,"showParticleSystems":true},"in2DMode":false,"pivot":{"x":1.5828769207000733,"y":1.102399230003357,"z":-4.066409587860107},"rotation":{"x":0.12784697115421296,"y":0.7008664011955261,"z":-0.12993431091308595,"w":0.689607560634613},"size":16.640209197998048,"orthographic":false}